classification_id,user_name,user_id,user_ip,workflow_id,workflow_name,workflow_version,created_at,gold_standard,expert,metadata,annotations,subject_data,subject_ids
102665908,charlottebodie,1767459,97de4acfeaa0b9f67ef3,6606,The Bottlenose Dolphin Project,42.71,2018-04-20 15:22:53 UTC,,,"{""session"":""ff9b9001519d4a4a25d445a74dc9d6e198e698796a1ea6dd4838c53d2dbe0225"",""viewport"":{""width"":1210,""height"":712},""started_at"":""2018-04-20T15:22:51.443Z"",""user_agent"":""Mozilla/5.0 (Macintosh; Intel Mac OS X 10_11_6) AppleWebKit/537.36 (KHTML, like Gecko) Chrome/65.0.3325.181 Safari/537.36"",""utc_offset"":""-3600"",""finished_at"":""2018-04-20T15:22:53.516Z"",""live_project"":false,""user_language"":""en"",""user_group_ids"":[],""subject_dimensions"":[{""clientWidth"":643,""clientHeight"":429,""naturalWidth"":2100,""naturalHeight"":1400}]}","[{""task"":""T0"",""task_label"":""Can you spot both green dots on the dolphin?\nHint: Use the zoom in tool to help you find them\n\n"",""value"":""No""}]","{""20939117"":{""retired"":null,""Filename"":""Untitled copy.jpg""}}",20939117
102670681,charlottebodie,1767459,97de4acfeaa0b9f67ef3,6606,The Bottlenose Dolphin Project,87.11,2018-04-20 15:48:02 UTC,,,"{""session"":""cc69afa65f6087c5fa47cdd8204a98f24c4493862cb023512b050b33e81a76df"",""viewport"":{""width"":1210,""height"":711},""started_at"":""2018-04-20T15:46:53.861Z"",""user_agent"":""Mozilla/5.0 (Macintosh; Intel Mac OS X 10_11_6) AppleWebKit/537.36 (KHTML, like Gecko) Chrome/65.0.3325.181 Safari/537.36"",""utc_offset"":""-3600"",""finished_at"":""2018-04-20T15:48:02.899Z"",""live_project"":false,""user_language"":""en"",""user_group_ids"":[],""subject_dimensions"":[{""clientWidth"":643,""clientHeight"":429,""naturalWidth"":3456,""naturalHeight"":2304}]}","[{""task"":""T0"",""task_label"":""Can you spot both green dots on the dolphin?\nHint: Use the zoom in tool to help you find them\n\n"",""value"":""Yes""},{""task"":""T2"",""task_label"":""Click on the image to draw points for:\n1. The tip of the dorsal fin \n2. The interior point of the dorsal fin\n3. The blowhole\n"",""value"":[{""r"":43.30256684634651,""x"":1330.3765869140625,""y"":820.7590942382812,""tool"":0,""angle"":-29.744851246308944,""frame"":0,""details"":[],""tool_label"":""Dorsal fin tip""},{""r"":50.95401309452192,""x"":1867.478759765625,""y"":1078.568115234375,""tool"":1,""angle"":-18.43490541646942,""frame"":0,""details"":[],""tool_label"":""Interior point of the dorsal fin ""},{""r"":59.32492906023748,""x"":3027.619140625,""y"":1212.8436279296875,""tool"":2,""angle"":-5.194375539166763,""frame"":0,""details"":[],""tool_label"":""Blowhole""},{""x1"":1915.81787109375,""x2"":2968.537841796875,""y1"":1110.794189453125,""y2"":1207.4725341796875,""tool"":3,""frame"":0,""details"":[],""tool_label"":""Line (this might help more accurately estimate the distances)""}]}]","{""20939123"":{""retired"":null,""Filename"":""309.jpg""}}",20939123
102673573,charlottebodie,1767459,97de4acfeaa0b9f67ef3,6606,The Bottlenose Dolphin Project,98.113,2018-04-20 16:07:12 UTC,,,"{""session"":""a020a3c68f37b9b59aac0a431e1b4fa7578352c598732a6c586dd2c05a15e6b6"",""viewport"":{""width"":1210,""height"":711},""started_at"":""2018-04-20T16:06:44.433Z"",""user_agent"":""Mozilla/5.0 (Macintosh; Intel Mac OS X 10_11_6) AppleWebKit/537.36 (KHTML, like Gecko) Chrome/65.0.3325.181 Safari/537.36"",""utc_offset"":""-3600"",""finished_at"":""2018-04-20T16:07:13.079Z"",""seen_before"":true,""live_project"":false,""user_language"":""en"",""user_group_ids"":[],""subject_dimensions"":[{""clientWidth"":643,""clientHeight"":429,""naturalWidth"":2100,""naturalHeight"":1400}]}","[{""task"":""T0"",""task_label"":""Can you spot both green dots on the dolphin?\nHint: Use the zoom in tool to help you find them\n\n"",""value"":""Yes""},{""task"":""T2"",""task_label"":""Click on the image to draw points for:\n1. The tip of the dorsal fin \n2. The interior point of the dorsal fin\n3. The blowhole\n"",""value"":[]}]","{""20939117"":{""retired"":null,""Filename"":""Untitled copy.jpg""}}",20939117
102673649,charlottebodie,1767459,97de4acfeaa0b9f67ef3,6606,The Bottlenose Dolphin Project,98.113,2018-04-20 16:07:40 UTC,,,"{""session"":""a020a3c68f37b9b59aac0a431e1b4fa7578352c598732a6c586dd2c05a15e6b6"",""viewport"":{""width"":1210,""height"":711},""started_at"":""2018-04-20T16:07:13.173Z"",""user_agent"":""Mozilla/5.0 (Macintosh; Intel Mac OS X 10_11_6) AppleWebKit/537.36 (KHTML, like Gecko) Chrome/65.0.3325.181 Safari/537.36"",""utc_offset"":""-3600"",""finished_at"":""2018-04-20T16:07:40.920Z"",""seen_before"":true,""live_project"":false,""user_language"":""en"",""user_group_ids"":[],""subject_dimensions"":[{""clientWidth"":643,""clientHeight"":429,""naturalWidth"":3456,""naturalHeight"":2304}]}","[{""task"":""T0"",""task_label"":""Can you spot both green dots on the dolphin?\nHint: Use the zoom in tool to help you find them\n\n"",""value"":""Yes""},{""task"":""T2"",""task_label"":""Click on the image to draw points for:\n1. The tip of the dorsal fin \n2. The interior point of the dorsal fin\n3. The blowhole\n"",""value"":[{""r"":64.67558046775065,""x"":1335.7476806640625,""y"":831.5011596679688,""tool"":0,""angle"":-41.633566278556266,""frame"":0,""details"":[],""tool_label"":""Dorsal fin tip""},{""r"":98.74497607042375,""x"":1856.7366943359375,""y"":1067.8260498046875,""tool"":1,""angle"":-45,""frame"":0,""details"":[],""tool_label"":""Interior point of the dorsal fin ""},{""r"":53.17042484822556,""x"":2882.6015625,""y"":1148.391357421875,""tool"":2,""angle"":-45,""frame"":0,""details"":[],""tool_label"":""Blowhole""},{""x1"":1974.8990478515625,""x2"":2823.520263671875,""y1"":1100.0521240234375,""y2"":1148.391357421875,""tool"":3,""frame"":0,""details"":[],""tool_label"":""Line (this might help more accurately estimate the distances)""}]}]","{""20939123"":{""retired"":null,""Filename"":""309.jpg""}}",20939123
102844910,charlottebodie,1767459,1e12b5da6afcbe222ca5,6606,The Bottlenose Dolphin Project,158.168,2018-04-21 13:48:23 UTC,,,"{""session"":""78d8a6be76ed3ddce4f32589ab97018adbded07b65ee789c9fb78b52ed13186d"",""viewport"":{""width"":1444,""height"":710},""started_at"":""2018-04-21T13:48:16.919Z"",""user_agent"":""Mozilla/5.0 (Macintosh; Intel Mac OS X 10_11_6) AppleWebKit/537.36 (KHTML, like Gecko) Chrome/65.0.3325.181 Safari/537.36"",""utc_offset"":""-3600"",""finished_at"":""2018-04-21T13:48:22.639Z"",""live_project"":false,""user_language"":""en"",""user_group_ids"":[],""subject_dimensions"":[{""clientWidth"":863,""clientHeight"":576,""naturalWidth"":3456,""naturalHeight"":2304}]}","[{""task"":""T0"",""task_label"":""Can you spot both green dots on the dolphin?\nHint: Use the zoom in tool to help you find them\n\n"",""value"":""No""}]","{""20950521"":{""retired"":null,""Filename"":""309.jpg""}}",20950521
102844916,charlottebodie,1767459,1e12b5da6afcbe222ca5,6606,The Bottlenose Dolphin Project,158.168,2018-04-21 13:48:26 UTC,,,"{""session"":""78d8a6be76ed3ddce4f32589ab97018adbded07b65ee789c9fb78b52ed13186d"",""viewport"":{""width"":1444,""height"":710},""started_at"":""2018-04-21T13:48:23.307Z"",""user_agent"":""Mozilla/5.0 (Macintosh; Intel Mac OS X 10_11_6) AppleWebKit/537.36 (KHTML, like Gecko) Chrome/65.0.3325.181 Safari/537.36"",""utc_offset"":""-3600"",""finished_at"":""2018-04-21T13:48:25.991Z"",""seen_before"":true,""live_project"":false,""user_language"":""en"",""user_group_ids"":[],""subject_dimensions"":[null]}","[{""task"":""T0"",""task_label"":""Can you spot both green dots on the dolphin?\nHint: Use the zoom in tool to help you find them\n\n"",""value"":""No""}]","{""20950521"":{""retired"":null,""Filename"":""309.jpg""}}",20950521
102844920,charlottebodie,1767459,1e12b5da6afcbe222ca5,6606,The Bottlenose Dolphin Project,158.168,2018-04-21 13:48:28 UTC,,,"{""session"":""78d8a6be76ed3ddce4f32589ab97018adbded07b65ee789c9fb78b52ed13186d"",""viewport"":{""width"":1444,""height"":710},""started_at"":""2018-04-21T13:48:26.448Z"",""user_agent"":""Mozilla/5.0 (Macintosh; Intel Mac OS X 10_11_6) AppleWebKit/537.36 (KHTML, like Gecko) Chrome/65.0.3325.181 Safari/537.36"",""utc_offset"":""-3600"",""finished_at"":""2018-04-21T13:48:28.060Z"",""seen_before"":true,""live_project"":false,""user_language"":""en"",""user_group_ids"":[],""subject_dimensions"":[null]}","[{""task"":""T0"",""task_label"":""Can you spot both green dots on the dolphin?\nHint: Use the zoom in tool to help you find them\n\n"",""value"":""No""}]","{""20950521"":{""retired"":null,""Filename"":""309.jpg""}}",20950521
102844929,charlottebodie,1767459,1e12b5da6afcbe222ca5,6606,The Bottlenose Dolphin Project,158.168,2018-04-21 13:48:34 UTC,,,"{""session"":""78d8a6be76ed3ddce4f32589ab97018adbded07b65ee789c9fb78b52ed13186d"",""viewport"":{""width"":1444,""height"":710},""started_at"":""2018-04-21T13:48:28.083Z"",""user_agent"":""Mozilla/5.0 (Macintosh; Intel Mac OS X 10_11_6) AppleWebKit/537.36 (KHTML, like Gecko) Chrome/65.0.3325.181 Safari/537.36"",""utc_offset"":""-3600"",""finished_at"":""2018-04-21T13:48:33.670Z"",""seen_before"":true,""live_project"":false,""user_language"":""en"",""user_group_ids"":[],""subject_dimensions"":[{""clientWidth"":863,""clientHeight"":576,""naturalWidth"":2100,""naturalHeight"":1400}]}","[{""task"":""T0"",""task_label"":""Can you spot both green dots on the dolphin?\nHint: Use the zoom in tool to help you find them\n\n"",""value"":""No""}]","{""20939117"":{""retired"":null,""Filename"":""Untitled copy.jpg""}}",20939117
102844936,charlottebodie,1767459,1e12b5da6afcbe222ca5,6606,The Bottlenose Dolphin Project,158.168,2018-04-21 13:48:38 UTC,,,"{""session"":""78d8a6be76ed3ddce4f32589ab97018adbded07b65ee789c9fb78b52ed13186d"",""viewport"":{""width"":1444,""height"":710},""started_at"":""2018-04-21T13:48:33.699Z"",""user_agent"":""Mozilla/5.0 (Macintosh; Intel Mac OS X 10_11_6) AppleWebKit/537.36 (KHTML, like Gecko) Chrome/65.0.3325.181 Safari/537.36"",""utc_offset"":""-3600"",""finished_at"":""2018-04-21T13:48:35.633Z"",""seen_before"":true,""live_project"":false,""user_language"":""en"",""user_group_ids"":[],""subject_dimensions"":[{""clientWidth"":863,""clientHeight"":576,""naturalWidth"":3456,""naturalHeight"":2304}]}","[{""task"":""T0"",""task_label"":""Can you spot both green dots on the dolphin?\nHint: Use the zoom in tool to help you find them\n\n"",""value"":""No""}]","{""20950521"":{""retired"":null,""Filename"":""309.jpg""}}",20950521
102844938,charlottebodie,1767459,1e12b5da6afcbe222ca5,6606,The Bottlenose Dolphin Project,158.168,2018-04-21 13:48:38 UTC,,,"{""session"":""78d8a6be76ed3ddce4f32589ab97018adbded07b65ee789c9fb78b52ed13186d"",""viewport"":{""width"":1444,""height"":710},""started_at"":""2018-04-21T13:48:35.660Z"",""user_agent"":""Mozilla/5.0 (Macintosh; Intel Mac OS X 10_11_6) AppleWebKit/537.36 (KHTML, like Gecko) Chrome/65.0.3325.181 Safari/537.36"",""utc_offset"":""-3600"",""finished_at"":""2018-04-21T13:48:37.360Z"",""seen_before"":true,""live_project"":false,""user_language"":""en"",""user_group_ids"":[],""subject_dimensions"":[{""clientWidth"":863,""clientHeight"":576,""naturalWidth"":2100,""naturalHeight"":1400}]}","[{""task"":""T0"",""task_label"":""Can you spot both green dots on the dolphin?\nHint: Use the zoom in tool to help you find them\n\n"",""value"":""No""}]","{""20939117"":{""retired"":null,""Filename"":""Untitled copy.jpg""}}",20939117
102844939,charlottebodie,1767459,1e12b5da6afcbe222ca5,6606,The Bottlenose Dolphin Project,158.168,2018-04-21 13:48:39 UTC,,,"{""session"":""78d8a6be76ed3ddce4f32589ab97018adbded07b65ee789c9fb78b52ed13186d"",""viewport"":{""width"":1444,""height"":710},""started_at"":""2018-04-21T13:48:33.699Z"",""user_agent"":""Mozilla/5.0 (Macintosh; Intel Mac OS X 10_11_6) AppleWebKit/537.36 (KHTML, like Gecko) Chrome/65.0.3325.181 Safari/537.36"",""utc_offset"":""-3600"",""finished_at"":""2018-04-21T13:48:35.633Z"",""seen_before"":true,""live_project"":false,""user_language"":""en"",""user_group_ids"":[],""subject_dimensions"":[{""clientWidth"":863,""clientHeight"":576,""naturalWidth"":3456,""naturalHeight"":2304}]}","[{""task"":""T0"",""task_label"":""Can you spot both green dots on the dolphin?\nHint: Use the zoom in tool to help you find them\n\n"",""value"":""No""}]","{""20950521"":{""retired"":null,""Filename"":""309.jpg""}}",20950521
102845062,charlottebodie,1767459,1e12b5da6afcbe222ca5,6606,The Bottlenose Dolphin Project,158.168,2018-04-21 13:50:20 UTC,,,"{""session"":""1869af51384332c423ff76d73618aa7500b42f4ac0d010a88f30abb6bb05cb1b"",""viewport"":{""width"":1444,""height"":710},""started_at"":""2018-04-21T13:50:15.213Z"",""user_agent"":""Mozilla/5.0 (Macintosh; Intel Mac OS X 10_11_6) AppleWebKit/537.36 (KHTML, like Gecko) Chrome/65.0.3325.181 Safari/537.36"",""utc_offset"":""-3600"",""finished_at"":""2018-04-21T13:50:20.451Z"",""live_project"":false,""user_language"":""en"",""user_group_ids"":[],""subject_dimensions"":[{""clientWidth"":863,""clientHeight"":576,""naturalWidth"":3456,""naturalHeight"":2304}]}","[{""task"":""T0"",""task_label"":""Can you spot both green dots on the dolphin?\nHint: Use the zoom in tool to help you find them\n\n"",""value"":""No""}]","{""20950534"":{""retired"":null,""Filename"":""AU14-1561-300.jpg""}}",20950534
102845069,charlottebodie,1767459,1e12b5da6afcbe222ca5,6606,The Bottlenose Dolphin Project,158.168,2018-04-21 13:50:24 UTC,,,"{""session"":""1869af51384332c423ff76d73618aa7500b42f4ac0d010a88f30abb6bb05cb1b"",""viewport"":{""width"":1444,""height"":710},""started_at"":""2018-04-21T13:50:20.475Z"",""user_agent"":""Mozilla/5.0 (Macintosh; Intel Mac OS X 10_11_6) AppleWebKit/537.36 (KHTML, like Gecko) Chrome/65.0.3325.181 Safari/537.36"",""utc_offset"":""-3600"",""finished_at"":""2018-04-21T13:50:24.310Z"",""live_project"":false,""user_language"":""en"",""user_group_ids"":[],""subject_dimensions"":[{""clientWidth"":863,""clientHeight"":576,""naturalWidth"":3456,""naturalHeight"":2304}]}","[{""task"":""T0"",""task_label"":""Can you spot both green dots on the dolphin?\nHint: Use the zoom in tool to help you find them\n\n"",""value"":""No""}]","{""20950538"":{""retired"":null,""Filename"":""AU14-1562-678.jpg""}}",20950538
102845351,charlottebodie,1767459,1e12b5da6afcbe222ca5,6606,The Bottlenose Dolphin Project,158.168,2018-04-21 13:54:07 UTC,,,"{""session"":""1869af51384332c423ff76d73618aa7500b42f4ac0d010a88f30abb6bb05cb1b"",""viewport"":{""width"":1444,""height"":710},""started_at"":""2018-04-21T13:50:24.335Z"",""user_agent"":""Mozilla/5.0 (Macintosh; Intel Mac OS X 10_11_6) AppleWebKit/537.36 (KHTML, like Gecko) Chrome/65.0.3325.181 Safari/537.36"",""utc_offset"":""-3600"",""finished_at"":""2018-04-21T13:54:06.702Z"",""live_project"":false,""user_language"":""en"",""user_group_ids"":[],""subject_dimensions"":[{""clientWidth"":863,""clientHeight"":576,""naturalWidth"":3456,""naturalHeight"":2304}]}","[{""task"":""T0"",""task_label"":""Can you spot both green dots on the dolphin?\nHint: Use the zoom in tool to help you find them\n\n"",""value"":""No""}]","{""20950526"":{""retired"":null,""Filename"":""AU14-1550-307.jpg""}}",20950526
102845369,charlottebodie,1767459,1e12b5da6afcbe222ca5,6606,The Bottlenose Dolphin Project,158.168,2018-04-21 13:54:13 UTC,,,"{""session"":""1869af51384332c423ff76d73618aa7500b42f4ac0d010a88f30abb6bb05cb1b"",""viewport"":{""width"":1444,""height"":710},""started_at"":""2018-04-21T13:54:06.735Z"",""user_agent"":""Mozilla/5.0 (Macintosh; Intel Mac OS X 10_11_6) AppleWebKit/537.36 (KHTML, like Gecko) Chrome/65.0.3325.181 Safari/537.36"",""utc_offset"":""-3600"",""finished_at"":""2018-04-21T13:54:13.461Z"",""live_project"":false,""user_language"":""en"",""user_group_ids"":[],""subject_dimensions"":[{""clientWidth"":863,""clientHeight"":576,""naturalWidth"":3456,""naturalHeight"":2304}]}","[{""task"":""T0"",""task_label"":""Can you spot both green dots on the dolphin?\nHint: Use the zoom in tool to help you find them\n\n"",""value"":""No""}]","{""20950532"":{""retired"":null,""Filename"":""AU14-1559-249.jpg""}}",20950532
102845375,charlottebodie,1767459,1e12b5da6afcbe222ca5,6606,The Bottlenose Dolphin Project,158.168,2018-04-21 13:54:20 UTC,,,"{""session"":""1869af51384332c423ff76d73618aa7500b42f4ac0d010a88f30abb6bb05cb1b"",""viewport"":{""width"":1444,""height"":710},""started_at"":""2018-04-21T13:54:13.494Z"",""user_agent"":""Mozilla/5.0 (Macintosh; Intel Mac OS X 10_11_6) AppleWebKit/537.36 (KHTML, like Gecko) Chrome/65.0.3325.181 Safari/537.36"",""utc_offset"":""-3600"",""finished_at"":""2018-04-21T13:54:19.920Z"",""live_project"":false,""user_language"":""en"",""user_group_ids"":[],""subject_dimensions"":[{""clientWidth"":863,""clientHeight"":576,""naturalWidth"":3456,""naturalHeight"":2304}]}","[{""task"":""T0"",""task_label"":""Can you spot both green dots on the dolphin?\nHint: Use the zoom in tool to help you find them\n\n"",""value"":""No""}]","{""20950528"":{""retired"":null,""Filename"":""AU14-1551-092_l.jpg""}}",20950528
102845390,charlottebodie,1767459,1e12b5da6afcbe222ca5,6606,The Bottlenose Dolphin Project,158.168,2018-04-21 13:54:28 UTC,,,"{""session"":""1869af51384332c423ff76d73618aa7500b42f4ac0d010a88f30abb6bb05cb1b"",""viewport"":{""width"":1444,""height"":710},""started_at"":""2018-04-21T13:54:19.951Z"",""user_agent"":""Mozilla/5.0 (Macintosh; Intel Mac OS X 10_11_6) AppleWebKit/537.36 (KHTML, like Gecko) Chrome/65.0.3325.181 Safari/537.36"",""utc_offset"":""-3600"",""finished_at"":""2018-04-21T13:54:28.504Z"",""live_project"":false,""user_language"":""en"",""user_group_ids"":[],""subject_dimensions"":[{""clientWidth"":863,""clientHeight"":576,""naturalWidth"":3456,""naturalHeight"":2304}]}","[{""task"":""T0"",""task_label"":""Can you spot both green dots on the dolphin?\nHint: Use the zoom in tool to help you find them\n\n"",""value"":""No""}]","{""20950524"":{""retired"":null,""Filename"":""AU14-1546-123.jpg""}}",20950524
102845405,charlottebodie,1767459,1e12b5da6afcbe222ca5,6606,The Bottlenose Dolphin Project,158.168,2018-04-21 13:54:40 UTC,,,"{""session"":""1869af51384332c423ff76d73618aa7500b42f4ac0d010a88f30abb6bb05cb1b"",""viewport"":{""width"":1444,""height"":710},""started_at"":""2018-04-21T13:54:28.544Z"",""user_agent"":""Mozilla/5.0 (Macintosh; Intel Mac OS X 10_11_6) AppleWebKit/537.36 (KHTML, like Gecko) Chrome/65.0.3325.181 Safari/537.36"",""utc_offset"":""-3600"",""finished_at"":""2018-04-21T13:54:40.435Z"",""live_project"":false,""user_language"":""en"",""user_group_ids"":[],""subject_dimensions"":[{""clientWidth"":863,""clientHeight"":576,""naturalWidth"":3456,""naturalHeight"":2304}]}","[{""task"":""T0"",""task_label"":""Can you spot both green dots on the dolphin?\nHint: Use the zoom in tool to help you find them\n\n"",""value"":""No""}]","{""20950525"":{""retired"":null,""Filename"":""AU14-1550-122.jpg""}}",20950525
102846281,charlottebodie,1767459,1e12b5da6afcbe222ca5,6606,The Bottlenose Dolphin Project,158.168,2018-04-21 14:04:15 UTC,,,"{""session"":""1869af51384332c423ff76d73618aa7500b42f4ac0d010a88f30abb6bb05cb1b"",""viewport"":{""width"":1444,""height"":710},""started_at"":""2018-04-21T13:54:40.466Z"",""user_agent"":""Mozilla/5.0 (Macintosh; Intel Mac OS X 10_11_6) AppleWebKit/537.36 (KHTML, like Gecko) Chrome/65.0.3325.181 Safari/537.36"",""utc_offset"":""-3600"",""finished_at"":""2018-04-21T14:04:15.174Z"",""live_project"":false,""user_language"":""en"",""user_group_ids"":[],""subject_dimensions"":[{""clientWidth"":863,""clientHeight"":576,""naturalWidth"":3456,""naturalHeight"":2304}]}","[{""task"":""T0"",""task_label"":""Can you spot both green dots on the dolphin?\nHint: Use the zoom in tool to help you find them\n\n"",""value"":""Yes""},{""task"":""T2"",""task_label"":""Draw three circles around the tip of the dorsal fin, the interior point of the dorsal fin and the blowhole. (Make sure you only circle body parts on the dolphin which has the two green laser points). \n"",""value"":[]},{""task"":""T3"",""task_label"":""Next draw a line between the tip of the dorsal fin and the interior point of the dorsal fin. Draw a second line from the interior point to the blowhole. "",""value"":[]},{""task"":""T4"",""task_label"":""What is the approximate distance from the tip of the dorsal fin to the interior point of the dorsal fin?\n"",""value"":""65-70cm""},{""task"":""T5"",""task_label"":""What is the distance between the interior of the dorsal fin and the blowhole?"",""value"":""35-40cm""}]","{""20950533"":{""retired"":null,""Filename"":""AU14-1559-281.jpg""}}",20950533
102846311,charlottebodie,1767459,1e12b5da6afcbe222ca5,6606,The Bottlenose Dolphin Project,158.168,2018-04-21 14:04:36 UTC,,,"{""session"":""1869af51384332c423ff76d73618aa7500b42f4ac0d010a88f30abb6bb05cb1b"",""viewport"":{""width"":1444,""height"":710},""started_at"":""2018-04-21T14:04:15.261Z"",""user_agent"":""Mozilla/5.0 (Macintosh; Intel Mac OS X 10_11_6) AppleWebKit/537.36 (KHTML, like Gecko) Chrome/65.0.3325.181 Safari/537.36"",""utc_offset"":""-3600"",""finished_at"":""2018-04-21T14:04:35.691Z"",""live_project"":false,""user_language"":""en"",""user_group_ids"":[],""subject_dimensions"":[{""clientWidth"":863,""clientHeight"":576,""naturalWidth"":3456,""naturalHeight"":2304}]}","[{""task"":""T0"",""task_label"":""Can you spot both green dots on the dolphin?\nHint: Use the zoom in tool to help you find them\n\n"",""value"":""No""}]","{""20950537"":{""retired"":null,""Filename"":""AU14-1562-269.jpg""}}",20950537
102846317,charlottebodie,1767459,1e12b5da6afcbe222ca5,6606,The Bottlenose Dolphin Project,158.168,2018-04-21 14:04:40 UTC,,,"{""session"":""1869af51384332c423ff76d73618aa7500b42f4ac0d010a88f30abb6bb05cb1b"",""viewport"":{""width"":1444,""height"":710},""started_at"":""2018-04-21T14:04:35.725Z"",""user_agent"":""Mozilla/5.0 (Macintosh; Intel Mac OS X 10_11_6) AppleWebKit/537.36 (KHTML, like Gecko) Chrome/65.0.3325.181 Safari/537.36"",""utc_offset"":""-3600"",""finished_at"":""2018-04-21T14:04:40.492Z"",""live_project"":false,""user_language"":""en"",""user_group_ids"":[],""subject_dimensions"":[{""clientWidth"":863,""clientHeight"":576,""naturalWidth"":3456,""naturalHeight"":2304}]}","[{""task"":""T0"",""task_label"":""Can you spot both green dots on the dolphin?\nHint: Use the zoom in tool to help you find them\n\n"",""value"":""No""}]","{""20950541"":{""retired"":null,""Filename"":""AU14-1563-344_s.jpg""}}",20950541
102846333,charlottebodie,1767459,1e12b5da6afcbe222ca5,6606,The Bottlenose Dolphin Project,158.168,2018-04-21 14:04:47 UTC,,,"{""session"":""1869af51384332c423ff76d73618aa7500b42f4ac0d010a88f30abb6bb05cb1b"",""viewport"":{""width"":1444,""height"":710},""started_at"":""2018-04-21T14:04:40.517Z"",""user_agent"":""Mozilla/5.0 (Macintosh; Intel Mac OS X 10_11_6) AppleWebKit/537.36 (KHTML, like Gecko) Chrome/65.0.3325.181 Safari/537.36"",""utc_offset"":""-3600"",""finished_at"":""2018-04-21T14:04:47.271Z"",""live_project"":false,""user_language"":""en"",""user_group_ids"":[],""subject_dimensions"":[{""clientWidth"":863,""clientHeight"":576,""naturalWidth"":3456,""naturalHeight"":2304}]}","[{""task"":""T0"",""task_label"":""Can you spot both green dots on the dolphin?\nHint: Use the zoom in tool to help you find them\n\n"",""value"":""No""}]","{""20950527"":{""retired"":null,""Filename"":""AU14-1551-048_l.jpg""}}",20950527
102846341,charlottebodie,1767459,1e12b5da6afcbe222ca5,6606,The Bottlenose Dolphin Project,158.168,2018-04-21 14:04:52 UTC,,,"{""session"":""1869af51384332c423ff76d73618aa7500b42f4ac0d010a88f30abb6bb05cb1b"",""viewport"":{""width"":1444,""height"":710},""started_at"":""2018-04-21T14:04:47.296Z"",""user_agent"":""Mozilla/5.0 (Macintosh; Intel Mac OS X 10_11_6) AppleWebKit/537.36 (KHTML, like Gecko) Chrome/65.0.3325.181 Safari/537.36"",""utc_offset"":""-3600"",""finished_at"":""2018-04-21T14:04:51.881Z"",""live_project"":false,""user_language"":""en"",""user_group_ids"":[],""subject_dimensions"":[{""clientWidth"":863,""clientHeight"":576,""naturalWidth"":3456,""naturalHeight"":2304}]}","[{""task"":""T0"",""task_label"":""Can you spot both green dots on the dolphin?\nHint: Use the zoom in tool to help you find them\n\n"",""value"":""No""}]","{""20950529"":{""retired"":null,""Filename"":""AU14-1551-554.jpg""}}",20950529
102856907,charlottebodie,1767459,1e12b5da6afcbe222ca5,6606,The Bottlenose Dolphin Project,166.205,2018-04-21 15:47:34 UTC,,,"{""session"":""fd6ec4cbe40ad9a944ffa52ea30a7161983299dd9c8a9bb3b12c237c861cd22e"",""viewport"":{""width"":1425,""height"":758},""started_at"":""2018-04-21T15:47:18.008Z"",""user_agent"":""Mozilla/5.0 (Macintosh; Intel Mac OS X 10_11_6) AppleWebKit/537.36 (KHTML, like Gecko) Chrome/65.0.3325.181 Safari/537.36"",""utc_offset"":""-3600"",""finished_at"":""2018-04-21T15:47:34.130Z"",""live_project"":false,""user_language"":""en"",""user_group_ids"":[],""subject_dimensions"":[{""clientWidth"":846,""clientHeight"":564,""naturalWidth"":3456,""naturalHeight"":2304}]}","[{""task"":""T0"",""task_label"":""Can you spot both green dots on the dolphin?\nHint: Use the zoom in tool to help you find them\n\n"",""value"":""Yes""},{""task"":""T2"",""task_label"":""Draw three circles around the tip of the dorsal fin, the interior point of the dorsal fin and the blowhole. (Make sure you only circle body parts on the dolphin which has the two green laser points). \n"",""value"":[]},{""task"":""T3"",""task_label"":""Next draw a line between the tip of the dorsal fin and the interior point of the dorsal fin. Draw a second line from the interior point to the blowhole. "",""value"":[]},{""task"":""T4"",""task_label"":""What is the approximate distance from the tip of the dorsal fin to the interior point of the dorsal fin?\n"",""value"":""30-35cm""},{""task"":""T5"",""task_label"":""What is the distance between the interior of the dorsal fin and the blowhole?"",""value"":""85-90cm""}]","{""20950531"":{""retired"":null,""Filename"":""AU14-1552-484.jpg""}}",20950531
102856920,charlottebodie,1767459,1e12b5da6afcbe222ca5,6606,The Bottlenose Dolphin Project,166.205,2018-04-21 15:47:37 UTC,,,"{""session"":""fd6ec4cbe40ad9a944ffa52ea30a7161983299dd9c8a9bb3b12c237c861cd22e"",""viewport"":{""width"":1425,""height"":758},""started_at"":""2018-04-21T15:47:34.204Z"",""user_agent"":""Mozilla/5.0 (Macintosh; Intel Mac OS X 10_11_6) AppleWebKit/537.36 (KHTML, like Gecko) Chrome/65.0.3325.181 Safari/537.36"",""utc_offset"":""-3600"",""finished_at"":""2018-04-21T15:47:37.744Z"",""live_project"":false,""user_language"":""en"",""user_group_ids"":[],""subject_dimensions"":[{""clientWidth"":846,""clientHeight"":564,""naturalWidth"":3456,""naturalHeight"":2304}]}","[{""task"":""T0"",""task_label"":""Can you spot both green dots on the dolphin?\nHint: Use the zoom in tool to help you find them\n\n"",""value"":""No""}]","{""20950535"":{""retired"":null,""Filename"":""AU14-1562-215.jpg""}}",20950535
102856932,charlottebodie,1767459,1e12b5da6afcbe222ca5,6606,The Bottlenose Dolphin Project,166.205,2018-04-21 15:47:42 UTC,,,"{""session"":""fd6ec4cbe40ad9a944ffa52ea30a7161983299dd9c8a9bb3b12c237c861cd22e"",""viewport"":{""width"":1425,""height"":758},""started_at"":""2018-04-21T15:47:37.767Z"",""user_agent"":""Mozilla/5.0 (Macintosh; Intel Mac OS X 10_11_6) AppleWebKit/537.36 (KHTML, like Gecko) Chrome/65.0.3325.181 Safari/537.36"",""utc_offset"":""-3600"",""finished_at"":""2018-04-21T15:47:42.553Z"",""live_project"":false,""user_language"":""en"",""user_group_ids"":[],""subject_dimensions"":[{""clientWidth"":846,""clientHeight"":564,""naturalWidth"":3456,""naturalHeight"":2304}]}","[{""task"":""T0"",""task_label"":""Can you spot both green dots on the dolphin?\nHint: Use the zoom in tool to help you find them\n\n"",""value"":""No""}]","{""20950540"":{""retired"":null,""Filename"":""AU14-1563-270.jpg""}}",20950540
102856945,charlottebodie,1767459,1e12b5da6afcbe222ca5,6606,The Bottlenose Dolphin Project,166.205,2018-04-21 15:47:48 UTC,,,"{""session"":""fd6ec4cbe40ad9a944ffa52ea30a7161983299dd9c8a9bb3b12c237c861cd22e"",""viewport"":{""width"":1425,""height"":758},""started_at"":""2018-04-21T15:47:42.581Z"",""user_agent"":""Mozilla/5.0 (Macintosh; Intel Mac OS X 10_11_6) AppleWebKit/537.36 (KHTML, like Gecko) Chrome/65.0.3325.181 Safari/537.36"",""utc_offset"":""-3600"",""finished_at"":""2018-04-21T15:47:47.922Z"",""live_project"":false,""user_language"":""en"",""user_group_ids"":[],""subject_dimensions"":[{""clientWidth"":846,""clientHeight"":564,""naturalWidth"":3456,""naturalHeight"":2304}]}","[{""task"":""T0"",""task_label"":""Can you spot both green dots on the dolphin?\nHint: Use the zoom in tool to help you find them\n\n"",""value"":""No""}]","{""20950536"":{""retired"":null,""Filename"":""AU14-1562-262.jpg""}}",20950536
102856957,charlottebodie,1767459,1e12b5da6afcbe222ca5,6606,The Bottlenose Dolphin Project,166.205,2018-04-21 15:47:52 UTC,,,"{""session"":""fd6ec4cbe40ad9a944ffa52ea30a7161983299dd9c8a9bb3b12c237c861cd22e"",""viewport"":{""width"":1425,""height"":758},""started_at"":""2018-04-21T15:47:47.948Z"",""user_agent"":""Mozilla/5.0 (Macintosh; Intel Mac OS X 10_11_6) AppleWebKit/537.36 (KHTML, like Gecko) Chrome/65.0.3325.181 Safari/537.36"",""utc_offset"":""-3600"",""finished_at"":""2018-04-21T15:47:52.297Z"",""live_project"":false,""user_language"":""en"",""user_group_ids"":[],""subject_dimensions"":[{""clientWidth"":846,""clientHeight"":564,""naturalWidth"":3456,""naturalHeight"":2304}]}","[{""task"":""T0"",""task_label"":""Can you spot both green dots on the dolphin?\nHint: Use the zoom in tool to help you find them\n\n"",""value"":""No""}]","{""20950539"":{""retired"":null,""Filename"":""AU14-1563-140.jpg""}}",20950539
102856965,charlottebodie,1767459,1e12b5da6afcbe222ca5,6606,The Bottlenose Dolphin Project,166.205,2018-04-21 15:47:54 UTC,,,"{""session"":""fd6ec4cbe40ad9a944ffa52ea30a7161983299dd9c8a9bb3b12c237c861cd22e"",""viewport"":{""width"":1425,""height"":758},""started_at"":""2018-04-21T15:47:52.333Z"",""user_agent"":""Mozilla/5.0 (Macintosh; Intel Mac OS X 10_11_6) AppleWebKit/537.36 (KHTML, like Gecko) Chrome/65.0.3325.181 Safari/537.36"",""utc_offset"":""-3600"",""finished_at"":""2018-04-21T15:47:54.656Z"",""live_project"":false,""user_language"":""en"",""user_group_ids"":[],""subject_dimensions"":[{""clientWidth"":846,""clientHeight"":564,""naturalWidth"":3456,""naturalHeight"":2304}]}","[{""task"":""T0"",""task_label"":""Can you spot both green dots on the dolphin?\nHint: Use the zoom in tool to help you find them\n\n"",""value"":""No""}]","{""20951000"":{""retired"":null,""Filename"":""309.jpg""}}",20951000
102857013,charlottebodie,1767459,1e12b5da6afcbe222ca5,6606,The Bottlenose Dolphin Project,166.205,2018-04-21 15:48:16 UTC,,,"{""session"":""748f042277475c86eb3b352d734d72b32839908bad0bea64c56210e1f5e67e91"",""viewport"":{""width"":1425,""height"":758},""started_at"":""2018-04-21T15:48:11.460Z"",""user_agent"":""Mozilla/5.0 (Macintosh; Intel Mac OS X 10_11_6) AppleWebKit/537.36 (KHTML, like Gecko) Chrome/65.0.3325.181 Safari/537.36"",""utc_offset"":""-3600"",""finished_at"":""2018-04-21T15:48:15.883Z"",""live_project"":false,""user_language"":""en"",""user_group_ids"":[],""subject_dimensions"":[{""clientWidth"":846,""clientHeight"":564,""naturalWidth"":3456,""naturalHeight"":2304}]}","[{""task"":""T0"",""task_label"":""Can you spot both green dots on the dolphin?\nHint: Use the zoom in tool to help you find them\n\n"",""value"":""No""}]","{""20950530"":{""retired"":null,""Filename"":""AU14-1551-1033.jpg""}}",20950530
102857024,charlottebodie,1767459,1e12b5da6afcbe222ca5,6606,The Bottlenose Dolphin Project,166.205,2018-04-21 15:48:20 UTC,,,"{""session"":""748f042277475c86eb3b352d734d72b32839908bad0bea64c56210e1f5e67e91"",""viewport"":{""width"":1425,""height"":758},""started_at"":""2018-04-21T15:48:16.685Z"",""user_agent"":""Mozilla/5.0 (Macintosh; Intel Mac OS X 10_11_6) AppleWebKit/537.36 (KHTML, like Gecko) Chrome/65.0.3325.181 Safari/537.36"",""utc_offset"":""-3600"",""finished_at"":""2018-04-21T15:48:20.219Z"",""seen_before"":true,""live_project"":false,""user_language"":""en"",""user_group_ids"":[],""subject_dimensions"":[null]}","[{""task"":""T0"",""task_label"":""Can you spot both green dots on the dolphin?\nHint: Use the zoom in tool to help you find them\n\n"",""value"":""No""}]","{""20950530"":{""retired"":null,""Filename"":""AU14-1551-1033.jpg""}}",20950530
102857041,charlottebodie,1767459,1e12b5da6afcbe222ca5,6606,The Bottlenose Dolphin Project,166.205,2018-04-21 15:48:26 UTC,,,"{""session"":""748f042277475c86eb3b352d734d72b32839908bad0bea64c56210e1f5e67e91"",""viewport"":{""width"":1425,""height"":758},""started_at"":""2018-04-21T15:48:20.985Z"",""user_agent"":""Mozilla/5.0 (Macintosh; Intel Mac OS X 10_11_6) AppleWebKit/537.36 (KHTML, like Gecko) Chrome/65.0.3325.181 Safari/537.36"",""utc_offset"":""-3600"",""finished_at"":""2018-04-21T15:48:25.783Z"",""seen_before"":true,""live_project"":false,""user_language"":""en"",""user_group_ids"":[],""subject_dimensions"":[{""clientWidth"":846,""clientHeight"":564,""naturalWidth"":2100,""naturalHeight"":1400}]}","[{""task"":""T0"",""task_label"":""Can you spot both green dots on the dolphin?\nHint: Use the zoom in tool to help you find them\n\n"",""value"":""No""}]","{""20939117"":{""retired"":null,""Filename"":""Untitled copy.jpg""}}",20939117
102857048,charlottebodie,1767459,1e12b5da6afcbe222ca5,6606,The Bottlenose Dolphin Project,166.205,2018-04-21 15:48:29 UTC,,,"{""session"":""748f042277475c86eb3b352d734d72b32839908bad0bea64c56210e1f5e67e91"",""viewport"":{""width"":1425,""height"":758},""started_at"":""2018-04-21T15:48:25.810Z"",""user_agent"":""Mozilla/5.0 (Macintosh; Intel Mac OS X 10_11_6) AppleWebKit/537.36 (KHTML, like Gecko) Chrome/65.0.3325.181 Safari/537.36"",""utc_offset"":""-3600"",""finished_at"":""2018-04-21T15:48:29.465Z"",""seen_before"":true,""live_project"":false,""user_language"":""en"",""user_group_ids"":[],""subject_dimensions"":[{""clientWidth"":846,""clientHeight"":564,""naturalWidth"":3456,""naturalHeight"":2304}]}","[{""task"":""T0"",""task_label"":""Can you spot both green dots on the dolphin?\nHint: Use the zoom in tool to help you find them\n\n"",""value"":""No""}]","{""20950540"":{""retired"":null,""Filename"":""AU14-1563-270.jpg""}}",20950540
102857061,charlottebodie,1767459,1e12b5da6afcbe222ca5,6606,The Bottlenose Dolphin Project,166.205,2018-04-21 15:48:34 UTC,,,"{""session"":""748f042277475c86eb3b352d734d72b32839908bad0bea64c56210e1f5e67e91"",""viewport"":{""width"":1425,""height"":758},""started_at"":""2018-04-21T15:48:29.499Z"",""user_agent"":""Mozilla/5.0 (Macintosh; Intel Mac OS X 10_11_6) AppleWebKit/537.36 (KHTML, like Gecko) Chrome/65.0.3325.181 Safari/537.36"",""utc_offset"":""-3600"",""finished_at"":""2018-04-21T15:48:33.870Z"",""seen_before"":true,""live_project"":false,""user_language"":""en"",""user_group_ids"":[],""subject_dimensions"":[{""clientWidth"":846,""clientHeight"":564,""naturalWidth"":3456,""naturalHeight"":2304}]}","[{""task"":""T0"",""task_label"":""Can you spot both green dots on the dolphin?\nHint: Use the zoom in tool to help you find them\n\n"",""value"":""No""}]","{""20950534"":{""retired"":null,""Filename"":""AU14-1561-300.jpg""}}",20950534
102857075,charlottebodie,1767459,1e12b5da6afcbe222ca5,6606,The Bottlenose Dolphin Project,166.205,2018-04-21 15:48:38 UTC,,,"{""session"":""748f042277475c86eb3b352d734d72b32839908bad0bea64c56210e1f5e67e91"",""viewport"":{""width"":1425,""height"":758},""started_at"":""2018-04-21T15:48:33.896Z"",""user_agent"":""Mozilla/5.0 (Macintosh; Intel Mac OS X 10_11_6) AppleWebKit/537.36 (KHTML, like Gecko) Chrome/65.0.3325.181 Safari/537.36"",""utc_offset"":""-3600"",""finished_at"":""2018-04-21T15:48:38.110Z"",""seen_before"":true,""live_project"":false,""user_language"":""en"",""user_group_ids"":[],""subject_dimensions"":[{""clientWidth"":846,""clientHeight"":564,""naturalWidth"":3456,""naturalHeight"":2304}]}","[{""task"":""T0"",""task_label"":""Can you spot both green dots on the dolphin?\nHint: Use the zoom in tool to help you find them\n\n"",""value"":""No""}]","{""20950538"":{""retired"":null,""Filename"":""AU14-1562-678.jpg""}}",20950538
102857077,charlottebodie,1767459,1e12b5da6afcbe222ca5,6606,The Bottlenose Dolphin Project,166.205,2018-04-21 15:48:40 UTC,,,"{""session"":""748f042277475c86eb3b352d734d72b32839908bad0bea64c56210e1f5e67e91"",""viewport"":{""width"":1425,""height"":758},""started_at"":""2018-04-21T15:48:38.137Z"",""user_agent"":""Mozilla/5.0 (Macintosh; Intel Mac OS X 10_11_6) AppleWebKit/537.36 (KHTML, like Gecko) Chrome/65.0.3325.181 Safari/537.36"",""utc_offset"":""-3600"",""finished_at"":""2018-04-21T15:48:40.183Z"",""seen_before"":true,""live_project"":false,""user_language"":""en"",""user_group_ids"":[],""subject_dimensions"":[{""clientWidth"":846,""clientHeight"":564,""naturalWidth"":3456,""naturalHeight"":2304}]}","[{""task"":""T0"",""task_label"":""Can you spot both green dots on the dolphin?\nHint: Use the zoom in tool to help you find them\n\n"",""value"":""No""}]","{""20950539"":{""retired"":null,""Filename"":""AU14-1563-140.jpg""}}",20950539
102857086,charlottebodie,1767459,1e12b5da6afcbe222ca5,6606,The Bottlenose Dolphin Project,166.205,2018-04-21 15:48:43 UTC,,,"{""session"":""748f042277475c86eb3b352d734d72b32839908bad0bea64c56210e1f5e67e91"",""viewport"":{""width"":1425,""height"":758},""started_at"":""2018-04-21T15:48:40.208Z"",""user_agent"":""Mozilla/5.0 (Macintosh; Intel Mac OS X 10_11_6) AppleWebKit/537.36 (KHTML, like Gecko) Chrome/65.0.3325.181 Safari/537.36"",""utc_offset"":""-3600"",""finished_at"":""2018-04-21T15:48:43.196Z"",""seen_before"":true,""live_project"":false,""user_language"":""en"",""user_group_ids"":[],""subject_dimensions"":[{""clientWidth"":846,""clientHeight"":564,""naturalWidth"":3456,""naturalHeight"":2304}]}","[{""task"":""T0"",""task_label"":""Can you spot both green dots on the dolphin?\nHint: Use the zoom in tool to help you find them\n\n"",""value"":""No""}]","{""20950537"":{""retired"":null,""Filename"":""AU14-1562-269.jpg""}}",20950537
102858059,charlottebodie,1767459,1e12b5da6afcbe222ca5,6606,The Bottlenose Dolphin Project,166.205,2018-04-21 15:55:38 UTC,,,"{""session"":""9424a37093bdcd7104a80ed366eb98728d1f832b6aea0accf5c56f721c3862c0"",""viewport"":{""width"":1425,""height"":758},""started_at"":""2018-04-21T15:55:25.846Z"",""user_agent"":""Mozilla/5.0 (Macintosh; Intel Mac OS X 10_11_6) AppleWebKit/537.36 (KHTML, like Gecko) Chrome/65.0.3325.181 Safari/537.36"",""utc_offset"":""-3600"",""finished_at"":""2018-04-21T15:55:36.377Z"",""seen_before"":true,""live_project"":false,""user_language"":""en"",""user_group_ids"":[],""subject_dimensions"":[{""clientWidth"":846,""clientHeight"":564,""naturalWidth"":3456,""naturalHeight"":2304}]}","[{""task"":""T0"",""task_label"":""Can you spot both green dots on the dolphin?\nHint: Use the zoom in tool to help you find them\n\n"",""value"":""No""}]","{""20950534"":{""retired"":null,""Filename"":""AU14-1561-300.jpg""}}",20950534
102858063,charlottebodie,1767459,1e12b5da6afcbe222ca5,6606,The Bottlenose Dolphin Project,166.205,2018-04-21 15:55:39 UTC,,,"{""session"":""9424a37093bdcd7104a80ed366eb98728d1f832b6aea0accf5c56f721c3862c0"",""viewport"":{""width"":1425,""height"":758},""started_at"":""2018-04-21T15:55:36.398Z"",""user_agent"":""Mozilla/5.0 (Macintosh; Intel Mac OS X 10_11_6) AppleWebKit/537.36 (KHTML, like Gecko) Chrome/65.0.3325.181 Safari/537.36"",""utc_offset"":""-3600"",""finished_at"":""2018-04-21T15:55:39.213Z"",""seen_before"":true,""live_project"":false,""user_language"":""en"",""user_group_ids"":[],""subject_dimensions"":[{""clientWidth"":846,""clientHeight"":564,""naturalWidth"":3456,""naturalHeight"":2304}]}","[{""task"":""T0"",""task_label"":""Can you spot both green dots on the dolphin?\nHint: Use the zoom in tool to help you find them\n\n"",""value"":""No""}]","{""20950535"":{""retired"":null,""Filename"":""AU14-1562-215.jpg""}}",20950535
102982887,not-logged-in-3bfce4cbd43c12aeba00,,3bfce4cbd43c12aeba00,6606,The Bottlenose Dolphin Project,166.231,2018-04-22 14:02:43 UTC,,,"{""session"":""25f66a779a2ab909da9d690ec700a4260630856ab0087adfcff1118d9ce77cec"",""viewport"":{""width"":1366,""height"":662},""started_at"":""2018-04-22T13:53:56.503Z"",""user_agent"":""Mozilla/5.0 (Windows NT 6.3; Win64; x64) AppleWebKit/537.36 (KHTML, like Gecko) Chrome/65.0.3325.181 Safari/537.36"",""utc_offset"":""-3600"",""finished_at"":""2018-04-22T14:02:48.260Z"",""live_project"":false,""user_language"":""en"",""subject_dimensions"":[{""clientWidth"":775,""clientHeight"":517,""naturalWidth"":3456,""naturalHeight"":2304}]}","[{""task"":""T0"",""task_label"":""Can you spot both green dots on the dolphin?\nHint: Use the zoom in tool to help you find them\n\n"",""value"":""Yes""},{""task"":""T2"",""task_label"":""Draw three circles around the tip of the dorsal fin, the interior point of the dorsal fin and the blowhole. (Make sure you are only circling the body parts for the dolphin which displays the lasers). \n"",""value"":[{""r"":0,""x"":3053.811767578125,""y"":970.174072265625,""tool"":0,""angle"":0,""frame"":0,""details"":[],""tool_label"":""Dorsal fin tip""},{""r"":0,""x"":2899.794189453125,""y"":1349.2943115234375,""tool"":1,""angle"":0,""frame"":0,""details"":[],""tool_label"":""Interior point of the dorsal fin ""},{""r"":6.103515625e-05,""x"":704.2221069335938,""y"":1035.7781982421875,""tool"":2,""angle"":0,""frame"":0,""details"":[],""tool_label"":""Blowhole""}]},{""task"":""T3"",""task_label"":""Draw a line between the tip of the dorsal fin and the interior point of the dorsal fin. Draw a second line from the interior point to the blowhole. Draw a third line between the two laser dots to help you with the next step."",""value"":[{""x1"":3060.961181640625,""x2"":2899.835205078125,""y1"":982.7576293945312,""y2"":1345.29150390625,""tool"":0,""frame"":0,""details"":[],""tool_label"":""line""},{""x1"":704.603759765625,""x2"":2893.7939453125,""y1"":1046.0377197265625,""y2"":1353.68359375,""tool"":0,""frame"":0,""details"":[],""tool_label"":""line""},{""x1"":1616.722412109375,""x2"":1798.6141357421875,""y1"":1142.53369140625,""y2"":1139.7353515625,""tool"":0,""frame"":0,""details"":[],""tool_label"":""line""}]},{""task"":""T4"",""task_label"":""What is the approximate distance from the tip of the dorsal fin to the interior point of the dorsal fin? \n"",""value"":""30cm's or less""},{""task"":""T5"",""task_label"":""What is the distance between the interior of the dorsal fin and the blowhole?"",""value"":""\u003e90cm's or above""}]","{""20950524"":{""retired"":null,""Filename"":""AU14-1546-123.jpg""}}",20950524
102983089,not-logged-in-3bfce4cbd43c12aeba00,,3bfce4cbd43c12aeba00,6606,The Bottlenose Dolphin Project,166.231,2018-04-22 14:07:08 UTC,,,"{""session"":""25f66a779a2ab909da9d690ec700a4260630856ab0087adfcff1118d9ce77cec"",""viewport"":{""width"":1366,""height"":662},""started_at"":""2018-04-22T14:02:48.398Z"",""user_agent"":""Mozilla/5.0 (Windows NT 6.3; Win64; x64) AppleWebKit/537.36 (KHTML, like Gecko) Chrome/65.0.3325.181 Safari/537.36"",""utc_offset"":""-3600"",""finished_at"":""2018-04-22T14:07:13.204Z"",""live_project"":false,""user_language"":""en"",""subject_dimensions"":[{""clientWidth"":775,""clientHeight"":517,""naturalWidth"":3456,""naturalHeight"":2304}]}","[{""task"":""T0"",""task_label"":""Can you spot both green dots on the dolphin?\nHint: Use the zoom in tool to help you find them\n\n"",""value"":""Yes""},{""task"":""T2"",""task_label"":""Draw three circles around the tip of the dorsal fin, the interior point of the dorsal fin and the blowhole. (Make sure you are only circling the body parts for the dolphin which displays the lasers). \n"",""value"":[{""r"":2.280833010252471,""x"":2096.695556640625,""y"":993.1201782226562,""tool"":0,""angle"":-26.56505117707799,""frame"":0,""details"":[],""tool_label"":""Dorsal fin tip""},{""r"":0,""x"":2053.85595703125,""y"":1145.09912109375,""tool"":1,""angle"":0,""frame"":0,""details"":[],""tool_label"":""Interior point of the dorsal fin ""},{""r"":0.0001220703125,""x"":1165.979736328125,""y"":1136.0989990234375,""tool"":2,""angle"":-90,""frame"":0,""details"":[],""tool_label"":""Blowhole""}]},{""task"":""T3"",""task_label"":""Draw a line between the tip of the dorsal fin and the interior point of the dorsal fin. Draw a second line from the interior point to the blowhole. Draw a third line between the two laser dots to help you with the next step."",""value"":[{""x1"":2097.317138671875,""x2"":2047.3375244140625,""y1"":992.8399047851562,""y2"":1143.798828125,""tool"":0,""frame"":0,""details"":[],""tool_label"":""line""},{""x1"":1655.6602783203125,""x2"":1764.799560546875,""y1"":1180.5185546875,""y2"":1179.4986572265625,""tool"":0,""frame"":0,""details"":[],""tool_label"":""line""},{""x1"":1163.3270263671875,""x2"":2047.1314697265625,""y1"":1134.6094970703125,""y2"":1142.7552490234375,""tool"":0,""frame"":0,""details"":[],""tool_label"":""line""}]},{""task"":""T4"",""task_label"":""What is the approximate distance from the tip of the dorsal fin to the interior point of the dorsal fin? \n"",""value"":""30cm's or less""},{""task"":""T5"",""task_label"":""What is the distance between the interior of the dorsal fin and the blowhole?"",""value"":""80-85cm""}]","{""20950525"":{""retired"":null,""Filename"":""AU14-1550-122.jpg""}}",20950525
102983277,not-logged-in-3bfce4cbd43c12aeba00,,3bfce4cbd43c12aeba00,6606,The Bottlenose Dolphin Project,166.231,2018-04-22 14:09:59 UTC,,,"{""session"":""25f66a779a2ab909da9d690ec700a4260630856ab0087adfcff1118d9ce77cec"",""viewport"":{""width"":1366,""height"":662},""started_at"":""2018-04-22T14:07:13.338Z"",""user_agent"":""Mozilla/5.0 (Windows NT 6.3; Win64; x64) AppleWebKit/537.36 (KHTML, like Gecko) Chrome/65.0.3325.181 Safari/537.36"",""utc_offset"":""-3600"",""finished_at"":""2018-04-22T14:10:04.552Z"",""live_project"":false,""user_language"":""en"",""subject_dimensions"":[{""clientWidth"":775,""clientHeight"":517,""naturalWidth"":3456,""naturalHeight"":2304}]}","[{""task"":""T0"",""task_label"":""Can you spot both green dots on the dolphin?\nHint: Use the zoom in tool to help you find them\n\n"",""value"":""Yes""},{""task"":""T2"",""task_label"":""Draw three circles around the tip of the dorsal fin, the interior point of the dorsal fin and the blowhole. (Make sure you are only circling the body parts for the dolphin which displays the lasers). \n"",""value"":[{""r"":1.8810424807163049,""x"":408.10064697265625,""y"":928.1692504882812,""tool"":0,""angle"":-89.99907044713476,""frame"":0,""details"":[],""tool_label"":""Dorsal fin tip""},{""r"":2.660282104024584,""x"":492.7502746582031,""y"":1165.1881103515625,""tool"":1,""angle"":-45,""frame"":0,""details"":[],""tool_label"":""Interior point of the dorsal fin ""},{""r"":0,""x"":1862.40380859375,""y"":892.4771118164062,""tool"":2,""angle"":0,""frame"":0,""details"":[],""tool_label"":""Blowhole""}]},{""task"":""T3"",""task_label"":""Draw a line between the tip of the dorsal fin and the interior point of the dorsal fin. Draw a second line from the interior point to the blowhole. Draw a third line between the two laser dots to help you with the next step."",""value"":[{""x1"":406.7801818847656,""x2"":493.7059631347656,""y1"":925.7637329101562,""y2"":1162.3875732421875,""tool"":0,""frame"":0,""details"":[],""tool_label"":""line""},{""x1"":1869.0037841796875,""x2"":494.2188415527344,""y1"":890.480224609375,""y2"":1163.6163330078125,""tool"":0,""frame"":0,""details"":[],""tool_label"":""line""},{""x1"":1618.6290283203125,""x2"":1791.615234375,""y1"":1102.16064453125,""y2"":1097.6083984375,""tool"":0,""frame"":0,""details"":[],""tool_label"":""line""}]},{""task"":""T4"",""task_label"":""What is the approximate distance from the tip of the dorsal fin to the interior point of the dorsal fin? \n"",""value"":""30cm's or less""},{""task"":""T5"",""task_label"":""What is the distance between the interior of the dorsal fin and the blowhole?"",""value"":""80-85cm""}]","{""20950526"":{""retired"":null,""Filename"":""AU14-1550-307.jpg""}}",20950526
102983536,not-logged-in-3bfce4cbd43c12aeba00,,3bfce4cbd43c12aeba00,6606,The Bottlenose Dolphin Project,166.231,2018-04-22 14:13:28 UTC,,,"{""session"":""25f66a779a2ab909da9d690ec700a4260630856ab0087adfcff1118d9ce77cec"",""viewport"":{""width"":1366,""height"":662},""started_at"":""2018-04-22T14:10:04.646Z"",""user_agent"":""Mozilla/5.0 (Windows NT 6.3; Win64; x64) AppleWebKit/537.36 (KHTML, like Gecko) Chrome/65.0.3325.181 Safari/537.36"",""utc_offset"":""-3600"",""finished_at"":""2018-04-22T14:13:33.165Z"",""live_project"":false,""user_language"":""en"",""subject_dimensions"":[{""clientWidth"":775,""clientHeight"":517,""naturalWidth"":3456,""naturalHeight"":2304}]}","[{""task"":""T0"",""task_label"":""Can you spot both green dots on the dolphin?\nHint: Use the zoom in tool to help you find them\n\n"",""value"":""Yes""},{""task"":""T2"",""task_label"":""Draw three circles around the tip of the dorsal fin, the interior point of the dorsal fin and the blowhole. (Make sure you are only circling the body parts for the dolphin which displays the lasers). \n"",""value"":[{""r"":2.198573831006171,""x"":747.8536376953125,""y"":890.7327880859375,""tool"":0,""angle"":-45,""frame"":0,""details"":[],""tool_label"":""Dorsal fin tip""},{""r"":0,""x"":879.9972534179688,""y"":1288.7181396484375,""tool"":1,""angle"":0,""frame"":0,""details"":[],""tool_label"":""Interior point of the dorsal fin ""},{""r"":2.1986169898026406,""x"":3081.292724609375,""y"":925.1875,""tool"":2,""angle"":-135.00112470367873,""frame"":0,""details"":[],""tool_label"":""Blowhole""}]},{""task"":""T3"",""task_label"":""Draw a line between the tip of the dorsal fin and the interior point of the dorsal fin. Draw a second line from the interior point to the blowhole. Draw a third line between the two laser dots to help you with the next step."",""value"":[{""x1"":742.7384033203125,""x2"":878.3706665039062,""y1"":889.5611572265625,""y2"":1289.12646484375,""tool"":0,""frame"":0,""details"":[],""tool_label"":""line""},{""x1"":3081.478271484375,""x2"":878.3706665039062,""y1"":926.2185668945312,""y2"":1289.12646484375,""tool"":0,""frame"":0,""details"":[],""tool_label"":""line""},{""x1"":1630.896240234375,""x2"":1802.2979736328125,""y1"":1146.9967041015625,""y2"":1152.7484130859375,""tool"":0,""frame"":0,""details"":[],""tool_label"":""line""}]},{""task"":""T4"",""task_label"":""What is the approximate distance from the tip of the dorsal fin to the interior point of the dorsal fin? \n"",""value"":""30cm's or less""},{""task"":""T5"",""task_label"":""What is the distance between the interior of the dorsal fin and the blowhole?"",""value"":""\u003e90cm's or above""}]","{""20950527"":{""retired"":null,""Filename"":""AU14-1551-048_l.jpg""}}",20950527
102983704,not-logged-in-3bfce4cbd43c12aeba00,,3bfce4cbd43c12aeba00,6606,The Bottlenose Dolphin Project,166.231,2018-04-22 14:16:56 UTC,,,"{""session"":""25f66a779a2ab909da9d690ec700a4260630856ab0087adfcff1118d9ce77cec"",""viewport"":{""width"":1366,""height"":662},""started_at"":""2018-04-22T14:13:33.255Z"",""user_agent"":""Mozilla/5.0 (Windows NT 6.3; Win64; x64) AppleWebKit/537.36 (KHTML, like Gecko) Chrome/65.0.3325.181 Safari/537.36"",""utc_offset"":""-3600"",""finished_at"":""2018-04-22T14:17:00.773Z"",""live_project"":false,""user_language"":""en"",""subject_dimensions"":[{""clientWidth"":775,""clientHeight"":517,""naturalWidth"":3456,""naturalHeight"":2304}]}","[{""task"":""T0"",""task_label"":""Can you spot both green dots on the dolphin?\nHint: Use the zoom in tool to help you find them\n\n"",""value"":""Yes""},{""task"":""T2"",""task_label"":""Draw three circles around the tip of the dorsal fin, the interior point of the dorsal fin and the blowhole. (Make sure you are only circling the body parts for the dolphin which displays the lasers). \n"",""value"":[{""r"":1.2592163145105892,""x"":518.40576171875,""y"":870.074462890625,""tool"":0,""angle"":-0.005554338552043077,""frame"":0,""details"":[],""tool_label"":""Dorsal fin tip""},{""r"":1.25927734375,""x"":539.81298828125,""y"":1153.4058837890625,""tool"":1,""angle"":-90,""frame"":0,""details"":[],""tool_label"":""Interior point of the dorsal fin ""},{""r"":2.8157205606728692,""x"":1849.9608154296875,""y"":976.1104125976562,""tool"":2,""angle"":-63.433837965977084,""frame"":0,""details"":[],""tool_label"":""Blowhole""}]},{""task"":""T3"",""task_label"":""Draw a line between the tip of the dorsal fin and the interior point of the dorsal fin. Draw a second line from the interior point to the blowhole. Draw a third line between the two laser dots to help you with the next step."",""value"":[{""x1"":517.166259765625,""x2"":539.4746704101562,""y1"":867.9989013671875,""y2"":1155.97998046875,""tool"":0,""frame"":0,""details"":[],""tool_label"":""line""},{""x1"":1853.6416015625,""x2"":539.4746704101562,""y1"":979.5408935546875,""y2"":1153.951904296875,""tool"":0,""frame"":0,""details"":[],""tool_label"":""line""},{""x1"":1784.6884765625,""x2"":1654.8941650390625,""y1"":1190.45654296875,""y2"":1188.428466796875,""tool"":0,""frame"":0,""details"":[],""tool_label"":""line""}]},{""task"":""T4"",""task_label"":""What is the approximate distance from the tip of the dorsal fin to the interior point of the dorsal fin? \n"",""value"":""30cm's or less""},{""task"":""T5"",""task_label"":""What is the distance between the interior of the dorsal fin and the blowhole?"",""value"":""\u003e90cm's or above""}]","{""20950529"":{""retired"":null,""Filename"":""AU14-1551-554.jpg""}}",20950529
102983836,not-logged-in-3bfce4cbd43c12aeba00,,3bfce4cbd43c12aeba00,6606,The Bottlenose Dolphin Project,166.231,2018-04-22 14:19:14 UTC,,,"{""session"":""25f66a779a2ab909da9d690ec700a4260630856ab0087adfcff1118d9ce77cec"",""viewport"":{""width"":1366,""height"":662},""started_at"":""2018-04-22T14:17:00.855Z"",""user_agent"":""Mozilla/5.0 (Windows NT 6.3; Win64; x64) AppleWebKit/537.36 (KHTML, like Gecko) Chrome/65.0.3325.181 Safari/537.36"",""utc_offset"":""-3600"",""finished_at"":""2018-04-22T14:19:19.623Z"",""live_project"":false,""user_language"":""en"",""subject_dimensions"":[{""clientWidth"":775,""clientHeight"":517,""naturalWidth"":3456,""naturalHeight"":2304}]}","[{""task"":""T0"",""task_label"":""Can you spot both green dots on the dolphin?\nHint: Use the zoom in tool to help you find them\n\n"",""value"":""Yes""},{""task"":""T2"",""task_label"":""Draw three circles around the tip of the dorsal fin, the interior point of the dorsal fin and the blowhole. (Make sure you are only circling the body parts for the dolphin which displays the lasers). \n"",""value"":[{""r"":0,""x"":2794.65625,""y"":1178.619873046875,""tool"":0,""angle"":0,""frame"":0,""details"":[],""tool_label"":""Dorsal fin tip""},{""r"":2.36962890625,""x"":2683.289794921875,""y"":1289.9864501953125,""tool"":1,""angle"":-180,""frame"":0,""details"":[],""tool_label"":""Interior point of the dorsal fin ""},{""r"":0,""x"":1680.9903564453125,""y"":1081.4703369140625,""tool"":2,""angle"":0,""frame"":0,""details"":[],""tool_label"":""Blowhole""}]},{""task"":""T3"",""task_label"":""Draw a line between the tip of the dorsal fin and the interior point of the dorsal fin. Draw a second line from the interior point to the blowhole. Draw a third line between the two laser dots to help you with the next step."",""value"":[{""x1"":2794.65625,""x2"":2685.6591796875,""y1"":1176.2503662109375,""y2"":1287.616943359375,""tool"":0,""frame"":0,""details"":[],""tool_label"":""line""},{""x1"":1688.098876953125,""x2"":2683.289794921875,""y1"":1081.4703369140625,""y2"":1289.9864501953125,""tool"":0,""frame"":0,""details"":[],""tool_label"":""line""},{""x1"":1640.7088623046875,""x2"":1773.4010009765625,""y1"":1190.4674072265625,""y2"":1185.7283935546875,""tool"":0,""frame"":0,""details"":[],""tool_label"":""line""}]},{""task"":""T4"",""task_label"":""What is the approximate distance from the tip of the dorsal fin to the interior point of the dorsal fin? \n"",""value"":""30cm's or less""},{""task"":""T5"",""task_label"":""What is the distance between the interior of the dorsal fin and the blowhole?"",""value"":""75-80cm""}]","{""20950530"":{""retired"":null,""Filename"":""AU14-1551-1033.jpg""}}",20950530
102983964,not-logged-in-3bfce4cbd43c12aeba00,,3bfce4cbd43c12aeba00,6606,The Bottlenose Dolphin Project,166.231,2018-04-22 14:21:04 UTC,,,"{""session"":""25f66a779a2ab909da9d690ec700a4260630856ab0087adfcff1118d9ce77cec"",""viewport"":{""width"":1366,""height"":662},""started_at"":""2018-04-22T14:19:19.714Z"",""user_agent"":""Mozilla/5.0 (Windows NT 6.3; Win64; x64) AppleWebKit/537.36 (KHTML, like Gecko) Chrome/65.0.3325.181 Safari/537.36"",""utc_offset"":""-3600"",""finished_at"":""2018-04-22T14:21:09.076Z"",""live_project"":false,""user_language"":""en"",""subject_dimensions"":[{""clientWidth"":775,""clientHeight"":517,""naturalWidth"":3456,""naturalHeight"":2304}]}","[{""task"":""T0"",""task_label"":""Can you spot both green dots on the dolphin?\nHint: Use the zoom in tool to help you find them\n\n"",""value"":""Yes""},{""task"":""T2"",""task_label"":""Draw three circles around the tip of the dorsal fin, the interior point of the dorsal fin and the blowhole. (Make sure you are only circling the body parts for the dolphin which displays the lasers). \n"",""value"":[{""r"":0,""x"":2862.58349609375,""y"":845.3991088867188,""tool"":0,""angle"":0,""frame"":0,""details"":[],""tool_label"":""Dorsal fin tip""},{""r"":0.000244140625,""x"":2724.365478515625,""y"":1037.1204833984375,""tool"":1,""angle"":0,""frame"":0,""details"":[],""tool_label"":""Interior point of the dorsal fin ""},{""r"":4.45867919921875,""x"":1458.1131591796875,""y"":805.2713623046875,""tool"":2,""angle"":-90,""frame"":0,""details"":[],""tool_label"":""Blowhole""}]},{""task"":""T3"",""task_label"":""Draw a line between the tip of the dorsal fin and the interior point of the dorsal fin. Draw a second line from the interior point to the blowhole. Draw a third line between the two laser dots to help you with the next step."",""value"":[{""x1"":2724.36572265625,""x2"":2858.124755859375,""y1"":1037.1204833984375,""y2"":849.8577880859375,""tool"":0,""frame"":0,""details"":[],""tool_label"":""line""},{""x1"":1462.5718994140625,""x2"":2728.824462890625,""y1"":805.2714233398438,""y2"":1037.1204833984375,""tool"":0,""frame"":0,""details"":[],""tool_label"":""line""},{""x1"":1623.082763671875,""x2"":1796.969482421875,""y1"":1148.5863037109375,""y2"":1144.127685546875,""tool"":0,""frame"":0,""details"":[],""tool_label"":""line""}]},{""task"":""T4"",""task_label"":""What is the approximate distance from the tip of the dorsal fin to the interior point of the dorsal fin? \n"",""value"":""30cm's or less""},{""task"":""T5"",""task_label"":""What is the distance between the interior of the dorsal fin and the blowhole?"",""value"":""70-75cm""}]","{""20950533"":{""retired"":null,""Filename"":""AU14-1559-281.jpg""}}",20950533
102984087,not-logged-in-3bfce4cbd43c12aeba00,,3bfce4cbd43c12aeba00,6606,The Bottlenose Dolphin Project,166.231,2018-04-22 14:23:10 UTC,,,"{""session"":""25f66a779a2ab909da9d690ec700a4260630856ab0087adfcff1118d9ce77cec"",""viewport"":{""width"":1366,""height"":662},""started_at"":""2018-04-22T14:21:09.182Z"",""user_agent"":""Mozilla/5.0 (Windows NT 6.3; Win64; x64) AppleWebKit/537.36 (KHTML, like Gecko) Chrome/65.0.3325.181 Safari/537.36"",""utc_offset"":""-3600"",""finished_at"":""2018-04-22T14:23:14.617Z"",""live_project"":false,""user_language"":""en"",""subject_dimensions"":[{""clientWidth"":775,""clientHeight"":517,""naturalWidth"":3456,""naturalHeight"":2304}]}","[{""task"":""T0"",""task_label"":""Can you spot both green dots on the dolphin?\nHint: Use the zoom in tool to help you find them\n\n"",""value"":""Yes""},{""task"":""T2"",""task_label"":""Draw three circles around the tip of the dorsal fin, the interior point of the dorsal fin and the blowhole. (Make sure you are only circling the body parts for the dolphin which displays the lasers). \n"",""value"":[{""r"":0.00013647875839232116,""x"":1114.8248291015625,""y"":945.642333984375,""tool"":0,""angle"":153.434948822922,""frame"":0,""details"":[],""tool_label"":""Dorsal fin tip""},{""r"":3.0159070965158654,""x"":1191.5965576171875,""y"":1186.62060546875,""tool"":1,""angle"":45,""frame"":0,""details"":[],""tool_label"":""Interior point of the dorsal fin ""},{""r"":2.132568359375,""x"":2589.26025390625,""y"":1029.2816162109375,""tool"":2,""angle"":-90,""frame"":0,""details"":[],""tool_label"":""Blowhole""}]},{""task"":""T3"",""task_label"":""Draw a line between the tip of the dorsal fin and the interior point of the dorsal fin. Draw a second line from the interior point to the blowhole. Draw a third line between the two laser dots to help you with the next step."",""value"":[{""x1"":1192.4388427734375,""x2"":1115.6669921875,""y1"":1184.9578857421875,""y2"":946.1121215820312,""tool"":0,""frame"":0,""details"":[],""tool_label"":""line""},{""x1"":2589.26025390625,""x2"":1192.4388427734375,""y1"":1031.4141845703125,""y2"":1182.8253173828125,""tool"":0,""frame"":0,""details"":[],""tool_label"":""line""},{""x1"":1800.216064453125,""x2"":1614.68408203125,""y1"":1142.306884765625,""y2"":1144.439453125,""tool"":0,""frame"":0,""details"":[],""tool_label"":""line""}]},{""task"":""T4"",""task_label"":""What is the approximate distance from the tip of the dorsal fin to the interior point of the dorsal fin? \n"",""value"":""30cm's or less""},{""task"":""T5"",""task_label"":""What is the distance between the interior of the dorsal fin and the blowhole?"",""value"":""70-75cm""}]","{""20950534"":{""retired"":null,""Filename"":""AU14-1561-300.jpg""}}",20950534
102984203,not-logged-in-3bfce4cbd43c12aeba00,,3bfce4cbd43c12aeba00,6606,The Bottlenose Dolphin Project,166.231,2018-04-22 14:25:07 UTC,,,"{""session"":""25f66a779a2ab909da9d690ec700a4260630856ab0087adfcff1118d9ce77cec"",""viewport"":{""width"":1366,""height"":662},""started_at"":""2018-04-22T14:23:14.725Z"",""user_agent"":""Mozilla/5.0 (Windows NT 6.3; Win64; x64) AppleWebKit/537.36 (KHTML, like Gecko) Chrome/65.0.3325.181 Safari/537.36"",""utc_offset"":""-3600"",""finished_at"":""2018-04-22T14:25:12.119Z"",""live_project"":false,""user_language"":""en"",""subject_dimensions"":[{""clientWidth"":775,""clientHeight"":517,""naturalWidth"":3456,""naturalHeight"":2304}]}","[{""task"":""T0"",""task_label"":""Can you spot both green dots on the dolphin?\nHint: Use the zoom in tool to help you find them\n\n"",""value"":""Yes""},{""task"":""T2"",""task_label"":""Draw three circles around the tip of the dorsal fin, the interior point of the dorsal fin and the blowhole. (Make sure you are only circling the body parts for the dolphin which displays the lasers). \n"",""value"":[{""r"":3.723359144685414,""x"":2964.7919921875,""y"":1077.6793212890625,""tool"":0,""angle"":45,""frame"":0,""details"":[],""tool_label"":""Dorsal fin tip""},{""r"":2.6328125113195764,""x"":2904.238037109375,""y"":1175.0921630859375,""tool"":1,""angle"":-89.99468696408115,""frame"":0,""details"":[],""tool_label"":""Interior point of the dorsal fin ""},{""r"":2.6328125007074736,""x"":1345.6324462890625,""y"":993.430419921875,""tool"":2,""angle"":0.0013282589832812085,""frame"":0,""details"":[],""tool_label"":""Blowhole""}]},{""task"":""T3"",""task_label"":""Draw a line between the tip of the dorsal fin and the interior point of the dorsal fin. Draw a second line from the interior point to the blowhole. Draw a third line between the two laser dots to help you with the next step."",""value"":[{""x1"":2962.159423828125,""x2"":2901.60546875,""y1"":1077.6793212890625,""y2"":1175.0921630859375,""tool"":0,""frame"":0,""details"":[],""tool_label"":""line""},{""x1"":1340.366943359375,""x2"":2901.60546875,""y1"":993.4303588867188,""y2"":1172.4593505859375,""tool"":0,""frame"":0,""details"":[],""tool_label"":""line""},{""x1"":1645.7694091796875,""x2"":1777.408447265625,""y1"":1175.0921630859375,""y2"":1172.4593505859375,""tool"":0,""frame"":0,""details"":[],""tool_label"":""line""}]},{""task"":""T4"",""task_label"":""What is the approximate distance from the tip of the dorsal fin to the interior point of the dorsal fin? \n"",""value"":""30cm's or less""},{""task"":""T5"",""task_label"":""What is the distance between the interior of the dorsal fin and the blowhole?"",""value"":""\u003e90cm's or above""}]","{""20950537"":{""retired"":null,""Filename"":""AU14-1562-269.jpg""}}",20950537
102984346,not-logged-in-3bfce4cbd43c12aeba00,,3bfce4cbd43c12aeba00,6606,The Bottlenose Dolphin Project,166.231,2018-04-22 14:27:26 UTC,,,"{""session"":""25f66a779a2ab909da9d690ec700a4260630856ab0087adfcff1118d9ce77cec"",""viewport"":{""width"":1366,""height"":662},""started_at"":""2018-04-22T14:25:12.230Z"",""user_agent"":""Mozilla/5.0 (Windows NT 6.3; Win64; x64) AppleWebKit/537.36 (KHTML, like Gecko) Chrome/65.0.3325.181 Safari/537.36"",""utc_offset"":""-3600"",""finished_at"":""2018-04-22T14:27:31.223Z"",""live_project"":false,""user_language"":""en"",""subject_dimensions"":[{""clientWidth"":775,""clientHeight"":517,""naturalWidth"":3456,""naturalHeight"":2304}]}","[{""task"":""T0"",""task_label"":""Can you spot both green dots on the dolphin?\nHint: Use the zoom in tool to help you find them\n\n"",""value"":""Yes""},{""task"":""T2"",""task_label"":""Draw three circles around the tip of the dorsal fin, the interior point of the dorsal fin and the blowhole. (Make sure you are only circling the body parts for the dolphin which displays the lasers). \n"",""value"":[{""r"":3.233581552185256,""x"":3277.477294921875,""y"":930.7418823242188,""tool"":0,""angle"":-89.99567407618837,""frame"":0,""details"":[],""tool_label"":""Dorsal fin tip""},{""r"":0,""x"":3190.172607421875,""y"":1202.3568115234375,""tool"":1,""angle"":0,""frame"":0,""details"":[],""tool_label"":""Interior point of the dorsal fin ""},{""r"":6.467041015625,""x"":1246.83349609375,""y"":1056.848876953125,""tool"":2,""angle"":-90,""frame"":0,""details"":[],""tool_label"":""Blowhole""}]},{""task"":""T3"",""task_label"":""Draw a line between the tip of the dorsal fin and the interior point of the dorsal fin. Draw a second line from the interior point to the blowhole. Draw a third line between the two laser dots to help you with the next step."",""value"":[{""x1"":3280.7109375,""x2"":3193.40625,""y1"":930.741943359375,""y2"":1199.123291015625,""tool"":0,""frame"":0,""details"":[],""tool_label"":""line""},{""x1"":1243.5999755859375,""x2"":3196.6396484375,""y1"":1053.6153564453125,""y2"":1195.8897705078125,""tool"":0,""frame"":0,""details"":[],""tool_label"":""line""},{""x1"":1780.6624755859375,""x2"":1635.90283203125,""y1"":1155.5687255859375,""y2"":1154.1767578125,""tool"":0,""frame"":0,""details"":[],""tool_label"":""line""}]},{""task"":""T4"",""task_label"":""What is the approximate distance from the tip of the dorsal fin to the interior point of the dorsal fin? \n"",""value"":""30cm's or less""},{""task"":""T5"",""task_label"":""What is the distance between the interior of the dorsal fin and the blowhole?"",""value"":""\u003e90cm's or above""}]","{""20950541"":{""retired"":null,""Filename"":""AU14-1563-344_s.jpg""}}",20950541
102984660,not-logged-in-3bfce4cbd43c12aeba00,,3bfce4cbd43c12aeba00,6606,The Bottlenose Dolphin Project,166.231,2018-04-22 14:32:04 UTC,,,"{""session"":""25f66a779a2ab909da9d690ec700a4260630856ab0087adfcff1118d9ce77cec"",""viewport"":{""width"":1366,""height"":662},""started_at"":""2018-04-22T14:27:31.311Z"",""user_agent"":""Mozilla/5.0 (Windows NT 6.3; Win64; x64) AppleWebKit/537.36 (KHTML, like Gecko) Chrome/65.0.3325.181 Safari/537.36"",""utc_offset"":""-3600"",""finished_at"":""2018-04-22T14:32:08.590Z"",""live_project"":false,""user_language"":""en"",""subject_dimensions"":[{""clientWidth"":775,""clientHeight"":517,""naturalWidth"":3456,""naturalHeight"":2304}]}","[{""task"":""T0"",""task_label"":""Can you spot both green dots on the dolphin?\nHint: Use the zoom in tool to help you find them\n\n"",""value"":""Yes""},{""task"":""T2"",""task_label"":""Draw three circles around the tip of the dorsal fin, the interior point of the dorsal fin and the blowhole. (Make sure you are only circling the body parts for the dolphin which displays the lasers). \n"",""value"":[{""r"":3.1414596820841854,""x"":3058.914794921875,""y"":980.4935302734375,""tool"":0,""angle"":18.562733325838064,""frame"":0,""details"":[],""tool_label"":""Dorsal fin tip""},{""r"":3.250244140625,""x"":2899.375732421875,""y"":1353.283203125,""tool"":1,""angle"":0,""frame"":0,""details"":[],""tool_label"":""Interior point of the dorsal fin ""},{""r"":3.575439453125,""x"":699.3662109375,""y"":1036.0565185546875,""tool"":2,""angle"":-90,""frame"":0,""details"":[],""tool_label"":""Blowhole""}]},{""task"":""T3"",""task_label"":""Draw a line between the tip of the dorsal fin and the interior point of the dorsal fin. Draw a second line from the interior point to the blowhole. Draw a third line between the two laser dots to help you with the next step."",""value"":[{""x1"":3062.086669921875,""x2"":2904.77001953125,""y1"":977.0966796875,""y2"":1356.0869140625,""tool"":0,""frame"":0,""details"":[],""tool_label"":""line""},{""x1"":702.3358154296875,""x2"":2911.920654296875,""y1"":1034.302734375,""y2"":1352.5115966796875,""tool"":0,""frame"":0,""details"":[],""tool_label"":""line""},{""x1"":1617.6331787109375,""x2"":1807.1282958984375,""y1"":1145.1395263671875,""y2"":1137.98876953125,""tool"":0,""frame"":0,""details"":[],""tool_label"":""line""}]},{""task"":""T4"",""task_label"":""What is the approximate distance from the tip of the dorsal fin to the interior point of the dorsal fin? \n"",""value"":""30cm's or less""},{""task"":""T5"",""task_label"":""What is the distance between the interior of the dorsal fin and the blowhole?"",""value"":""\u003e90cm's or above""}]","{""20950524"":{""retired"":null,""Filename"":""AU14-1546-123.jpg""}}",20950524
102984967,not-logged-in-3bfce4cbd43c12aeba00,,3bfce4cbd43c12aeba00,6606,The Bottlenose Dolphin Project,166.231,2018-04-22 14:36:35 UTC,,,"{""session"":""25f66a779a2ab909da9d690ec700a4260630856ab0087adfcff1118d9ce77cec"",""viewport"":{""width"":1366,""height"":662},""started_at"":""2018-04-22T14:32:08.690Z"",""user_agent"":""Mozilla/5.0 (Windows NT 6.3; Win64; x64) AppleWebKit/537.36 (KHTML, like Gecko) Chrome/65.0.3325.181 Safari/537.36"",""utc_offset"":""-3600"",""finished_at"":""2018-04-22T14:36:39.574Z"",""live_project"":false,""user_language"":""en"",""subject_dimensions"":[{""clientWidth"":775,""clientHeight"":517,""naturalWidth"":3456,""naturalHeight"":2304}]}","[{""task"":""T0"",""task_label"":""Can you spot both green dots on the dolphin?\nHint: Use the zoom in tool to help you find them\n\n"",""value"":""Yes""},{""task"":""T2"",""task_label"":""Draw three circles around the tip of the dorsal fin, the interior point of the dorsal fin and the blowhole. (Make sure you are only circling the body parts for the dolphin which displays the lasers). \n"",""value"":[{""r"":0,""x"":2098.561767578125,""y"":991.5753784179688,""tool"":0,""angle"":0,""frame"":0,""details"":[],""tool_label"":""Dorsal fin tip""},{""r"":0,""x"":2055.1875,""y"":1145.4837646484375,""tool"":1,""angle"":0,""frame"":0,""details"":[],""tool_label"":""Interior point of the dorsal fin ""},{""r"":1.9787250795801288,""x"":1170.9139404296875,""y"":1134.2904052734375,""tool"":2,""angle"":45,""frame"":0,""details"":[],""tool_label"":""Blowhole""}]},{""task"":""T3"",""task_label"":""Draw a line between the tip of the dorsal fin and the interior point of the dorsal fin. Draw a second line from the interior point to the blowhole. Draw a third line between the two laser dots to help you with the next step."",""value"":[{""x1"":2053.788330078125,""x2"":2095.763427734375,""y1"":1145.4837646484375,""y2"":998.5712280273438,""tool"":0,""frame"":0,""details"":[],""tool_label"":""line""},{""x1"":1170.9139404296875,""x2"":2052.38916015625,""y1"":1134.2904052734375,""y2"":1142.6854248046875,""tool"":0,""frame"":0,""details"":[],""tool_label"":""line""},{""x1"":1655.0257568359375,""x2"":1765.56005859375,""y1"":1180.462890625,""y2"":1177.66455078125,""tool"":0,""frame"":0,""details"":[],""tool_label"":""line""}]},{""task"":""T4"",""task_label"":""What is the approximate distance from the tip of the dorsal fin to the interior point of the dorsal fin? \n"",""value"":""30cm's or less""},{""task"":""T5"",""task_label"":""What is the distance between the interior of the dorsal fin and the blowhole?"",""value"":""75-80cm""}]","{""20950525"":{""retired"":null,""Filename"":""AU14-1550-122.jpg""}}",20950525